<?xml version="1.0" encoding="UTF-8"?>
<project-private xmlns="http://www.netbeans.org/ns/project-private/1">
    <editor-bookmarks xmlns="http://www.netbeans.org/ns/editor-bookmarks/2" lastBookmarkId="0"/>
    <open-files xmlns="http://www.netbeans.org/ns/projectui-open-files/2">
        <group>
            <file>file:/C:/Users/Vihangi%20Senadheera/Desktop/Online_Wedding_site-master/MyWedding%20Org/src/java/Beans/CustLoginBean.java</file>
            <file>file:/C:/Users/Vihangi%20Senadheera/Desktop/Online_Wedding_site-master/MyWedding%20Org/src/java/Controller/CustLoginServlet.java</file>
            <file>file:/C:/Users/Vihangi%20Senadheera/Desktop/Online_Wedding_site-master/MyWedding%20Org/src/java/Beans/VendLoginBean.java</file>
        </group>
    </open-files>
</project-private>
